{
"parameters":[2, 2, 2, 1, 10, 10]
,"current_iter":0,"domain":[[-1, -1, -1]
,[1, 1, 1]
],"result":[1.638183537615387, 0.7958520053542575, 1.0148281544145743, 0.33075290446671635, 1.2159480949979002, 1.2017882136717333, 0.6105893125846574, 0.055376391178301856, 0.026157922194965107, 0.48251332862585883]
,"population":[[0.6308995254901801, -0.4900503304270416, 1]
,[-1, -1, 0.4928765898393437]
,[-1, -0.2802990346096793, -0.3370958643381402]
,[-0.2826873922486, 0.3567005590414851, 0.3515756730917179]
,[0.9262045129828766, 0.3745478653829135, 0.466698180481942]
,[1, 1, -0.7530867970206675]
,[1, 1, 0.06307374421958495]
,[-0.20814456968408301, -0.09183467630125206, -0.10133567935762872]
,[1, -0.25937106966586354, 1]
,[-1, 1, 0.6406429958413917]
],"den":[[0.2682037240997111, 0.251917135110516, 0.7160801008490576]
,[0.4860646264764611, 0.7840778359688331, 0.9101671968118678]
,[0.6824321455239749, 0.6072783449128017, 0.8829278945014188]
,[0.5386723997022317, 0.6238216972689302, 0.8159876914283859]
,[0.14233933917183123, 0.8433292967858922, 0.28876331001130406]
,[0.7213474252069223, 0.351073667234876, 0.9087748770231233]
,[0.07087789413414977, 0.34670229238255634, 0.7821913258276999]
,[0.11461659877616202, 0.7352254409243388, 0.5864001122398206]
,[0.10521812617001292, 0.5135990795019101, 0.9667158728218538]
,[0.26767531782191606, 0.6110772988182938, 0.750732363721235]
],"vol":[[0.6415875350009763, 0.5460920486012001, 0.7190080443447311]
,[0.6042449566900664, 0.08977307564745458, 0.4563197317561934]
,[0.7005339191405918, 0.08929266348771214, 0.8361794971799021]
,[0.2835873427396229, 0.6290132989801906, 0.34497653426638836]
,[0.9136579557672464, 0.8803676174701857, 0.3872722712383443]
,[0.5021498379879603, 0.3656167078085786, 0.6606555987400589]
,[0.6617414930791001, 0.5909908745645003, 0.30388346823866935]
,[0.9082125686409144, 0.6085197507481319, 0.5794017476722692]
,[0.5835168877006788, 0.46368386202018075, 0.43029706891013686]
,[0.2622200421730897, 0.314185983667781, 0.6584201783651492]
]}